First_name,Last_name,Emp_ID,Department
Solon,Ankunding,EMP00001,Customer Service
Wellington,Armstrong,EMP00002,Customer Service
Elvie,Armstrong,EMP00003,Customer Service
Tressie,Bailey,EMP00004,Customer Service
Elizabeth,Barrows,EMP00005,Warehouse
Lexus,Bartell,EMP00006,Human Resources
Mckenna,Bartell,EMP00007,Business Development
Wallace,Beahan,EMP00008,Warehouse
Caleigh,Berge,EMP00009,Administration
Kayla,Bernhard,EMP00010,Administration
Estell,Breitenberg,EMP00011,Warehouse
Athena,Brekke,EMP00012,Customer Service
Ivory,Christiansen,EMP00013,Customer Service
Destini,Collins,EMP00014,Customer Service
Nellie,Conn,EMP00015,Administration
Nicholaus,Conroy,EMP00016,Warehouse
Jameson,Corkery,EMP00017,Business Development
Cordelia,Cronin,EMP00018,Warehouse
Deondre,Eichmann,EMP00019,Customer Service
Anabel,Emard,EMP00020,Human Resources
Kimberly,Emard,EMP00021,Customer Service
Willy,Farrell,EMP00022,Accounting
Leonor,Ferry,EMP00023,Warehouse
Trent,Fisher,EMP00024,Human Resources
Trisha,Friesen,EMP00025,Customer Service
Reuben,Fritsch,EMP00026,Administration
Annamarie,Gorczany,EMP00027,Administration
Joanie,Gottlieb,EMP00028,Customer Service
Judd,Goyette,EMP00029,Customer Service
Neva,Hahn,EMP00030,Warehouse
Linnie,Hartmann,EMP00031,Customer Service
Concepcion,Harvey,EMP00032,Customer Service
Verlie,Heathcote,EMP00033,Customer Service
Carlotta,Hegmann,EMP00034,Business Development
Jasper,Hettinger,EMP00035,Business Development
Gaston,Howell,EMP00036,Warehouse
Johnathon,Jast,EMP00037,Warehouse
Elvera,King,EMP00038,Accounting
Neil,Klocko,EMP00039,Customer Service
May,Kub,EMP00040,Warehouse
Rex,Lang,EMP00041,Business Development
Miller,Lindgren,EMP00042,InfoTechnology
Alexandra,Macejkovic,EMP00043,Customer Service
Ramona,McGlynn,EMP00044,Customer Service
Jocelyn,Mraz,EMP00045,Administration
Justine,Ratke,EMP00046,Customer Service
Arely,Reinger,EMP00047,Customer Service
Jovany,Roberts,EMP00048,Business Development
Markus,Rolfson,EMP00049,Customer Service
Misty,Romaguera,EMP00050,InfoTechnology
Elinore,Runte,EMP00051,Customer Service
Sadye,Satterfield,EMP00052,Customer Service
Millie,Schmitt,EMP00053,Business Development
Lottie,Simonis,EMP00054,InfoTechnology
Violet,Skiles,EMP00055,Business Development
Adaline,Spinka,EMP00056,InfoTechnology
Diana,Steuber,EMP00057,Warehouse
Hobart,Steuber,EMP00058,Warehouse
Kavon,Stiedemann,EMP00059,Warehouse
Sigurd,Streich,EMP00060,Warehouse
Elouise,Tremblay,EMP00061,Customer Service
Audra,VonRueden,EMP00062,Warehouse
Ian,Weber,EMP00063,Warehouse
Eve,Welch,EMP00064,Business Development
Orrin,Willms,EMP00065,Accounting
Wilford,Wintheiser,EMP00066,Warehouse
Karlie,Wintheiser,EMP00067,Warehouse
Franco,Wintheiser,EMP00068,Customer Service
Dayton,Wolff,EMP00069,Customer Service
Gardner,Ziemann,EMP00070,Accounting
