Inventory_Number,Inventory_Name,Price
820448BS,FILTER OIL,10.76
836514BS,FILTER OIL,10.76
826514BS,FILTER OIL,10.76
827914BS,FILTER OIL,10.76
823964BS,FILTER OIL,10.76
821584BS,FILTER OIL,10.76
592792BS,JET-MAIN,8.74
820404BS,VALVE-EXHAUST,27.29
820403BS,VALVE-INTAKE,28.34
80024432BS,WASHER -COPPER - 11.1L PSI,3.84
797093ABS,SB MODEL 44Q7,717.49
699831BS,CARBURETOR,108.49
692120BS,MUFFLER,157.49
597779BS,CARBURETOR,32.19
594061BS,CAP-FUEL TANK,7
795477BS,CARBURETOR,20.21
825084BS,ALTERNATOR,433.99
592059ABS,SB MODEL 31 VERT,433.99
715473BS,CARBURETOR,76.99
715812BS,ARMATURE-MAGNETO,124.24
820384BS,FILTER -  OIL,10.76
820254BS,FILTER - OIL,10.76
826654BS,FILTER-OIL,10.76
593088BS,BASE-AIR CLEANER,25.89
1716696ASMBS,"BLADE -  44"" MULCH",16.39
594973BS,SUMP-ENGINE,111.99
7032335YPBS,NUT - 1/4-20 - GR5,31.19
6208SEF,CS 8/QT VP FUEL 4 CYCLE,46.72
715223BS,CARBURETOR,76.99
799813BS,MOTOR-STARTER,152.24
25T237-0085-F1BS,ENGINE PACKED SINGLE CARTON,687.99
715192BS,ARMATURE-MAGNETO,124.24
1737941YPBS,MOTOR - CHUTE DEFL,73.12
799773BS,CARBURETOR,63.69
590453BS,KIT-CARB OVERHAUL,25.72
84005069BS,CARBURETOR,61.59
204860GSBS,JET,9.42
719853BS,CARBURETOR,76.99
794696BS,KEY SET,3.09
305447-0615-F1BS,ENGINE PACKED SINGLE CART,1286.24
791786BS,PISTON ASSEMBLY,62.29
356447-0048-G1BS,ENGINE PACKED SINGLE CART,1378.12
696796BS,TUBE-BREATHER,5.73
798615BS,PLUG-SPARK,3.04
793237BS,CARBURETOR,20.21
1501435MABS,WHEEL FRICTION 4.3 RU,14.62
820311BS,FILTER-FUEL,43.04
1737851YPBS,MOTOR - CHUTE DEFL,73.12
590643BS,SCREW,2.02
796137BS,KIT-CARB OVERHAUL,24.41
94762MABS,SWITCH-IGNITION,12.41
84006467BS,HEAD - CYLINDER,174.99
820454BS,FILTER-OIL,10.76
704212BS,BOLT - HEX 1/4-20X1.75,2.57
399671BS,CLUTCH-STARTER,14.96
1687404KBS,SHEAR PIN KIT,5.03
592594BS,CARBURETOR,63.69
1687980BS,KIT - SNOW - PIVOT SPRING - PRO,12.95
84002010BS,HEAD - CYLINDER,120.74
797634BS,KIT-CARB OVERHAUL,23.88
796122BS,CARBURETOR,71.74
792237BS,KIT-CARB OVERHAUL,24.41
595822BS,MUFFLER,162.74
84007094BS,FILTER - OIL,17.87
19J137-0007-F1BS,ENGINE - COMPLETE,539.99
805653SBS,GASKET-CYLINDER HEAD,18.19
1739483AYPBS,POD - RH,20.47
84125894BS,FILTER - OIL,17.87
808659BS,ELBOW-INTAKE,35.69
736322BS,CARBURETOR,71.74
799662BS,KIT-CARB OVERHAUL,23.62
798576BS,FILTER-OIL,8.39
802543SBS,GASKET-CYLINDER HEAD,18.19
690369MABS,"SPACER 1/2"" TO 17 MM",3.05
6033BS,ACC - BTTL - 15 OZ SYN PUMP,13.32
794487BS,KIT-CARB OVERHAUL,24.41
792546BS,FILTER-OIL,8.39
593078BS,BASE-AIR CLEANER,25.89
1687414KBS,SHEAR PIN KIT,5.03
821291BS,BEARING SET/STD-MAIN,67.19
821299BS,BUSHING-CAMSHAFT,23.44
825527BS,GASKET SET-ENGINE,307.99
597510BS,CARBURETOR,41.29
84458694BS,FILTER - OIL,17.87
37X127MABS,BELT - DRV3L 25.65 HYD9,12.08
130G32-0022-F1BS,ENGINE PACKED SINGLE CARTON,275.24
70185GSBS,FILTER-OIL,7.9
84005694BS,FILTER - OIL,17.87
799966BS,FILTER-OIL,8.39
692513BS,FILTER-OIL,6.35
824911BS,FILTER-FUEL,43.04
701458SBS,FILTER-OIL,7.9
701225SBS,FILTER-OIL,7.9
392587BS,CARBURETOR,108.49
801583SBS,GASKET-CYLINDER HEAD,18.19
84079694BS,FILTER - OIL,17.87
592605BS,FILTER-AIR CLEANER CA,20.21
592755BS,FILTER-AIR CLEANER CA,20.21
701778SBS,FILTER-OIL,7.9
809643SBS,GASKET - CYLINDER HEAD,18.19
701158SBS,FILTER-OIL,7.9
702548SBS,FILTER-OIL,7.9
701258SBS,FILTER-OIL,7.9
820784BS,FILTER-OIL,10.76
701456SBS,FILTER-OIL,7.9
701487SBS,FILTER-OIL,7.9
701295SBS,FILTER-OIL,7.9
701125SBS,FILTER-OIL,7.9
701447SBS,FILTER-OIL,7.9
709994SBS,FILTER-OIL,7.9
305447-0069-G1BS,ENGINE PACKED SINGLE CARTON,1231.12
591701BS,TUBE-FUEL TRANSFER,19.59
84036467BS,HEAD - CYLINDER,174.99
701815SBS,FILTER-OIL,7.9
1750623YPBS,CABLE ASSY,25.34
845654BS,SOLENOID-FUEL,57.39
829411BS,FILTER-FUEL,43.04
794857BS,CARBURETOR,20.21
703695SBS,FILTER-OIL,7.9
701877SBS,FILTER-OIL,7.9
701396SBS,FILTER-OIL,7.9
594601BS,CARBURETOR,83.99
622003BS,FILTER-OIL,6.35
820004BS,FILTER-OIL,10.76
801396BS,CARBURETOR,108.49
841188BS,GASKET SET-ENGINE,71.74
701822SBS,FILTER-OIL,7.9
701849SBS,FILTER-OIL,7.9
84007216BS,PLUG - SPARK,2.41
1726348SMBS,PULLEY-IDLER 02.75 O,12.73
696886BS,TUBE-BREATHER,5.73
104M02-0197-F1BS,ENGINE PACKED SINGLE CARTON,182.56
1739686YPBS,LIGHT BAR ASMY,42.59
272475SBS,GASKET-ROCKER COVER,2.78
84027594BS,FILTER - OIL,17.87
696853BS,FILTER-OIL,6.35
7046232YPBS,STEERING SHAFT,61.09
92484BS,SCREW,1.88
798653BS,CARBURETOR,32.02
692013BS,FILTER-OIL,6.35
1687750YPBS,46/52 DEFLECTOR KIT,21.44
825740BS,BEARING SET/010-ROD,131.24
820037BS,COIL-IGNITION,57.39
84145894BS,FILTER - OIL,17.87
591292BS,JET-MAIN,8.74
84045867BS,HEAD - CYLINDER,174.99
204828GSBS,JET,9.42
84004756BS,PLUG - SPARK,2.41
594058BS,CARBURETOR,24.41
84004102BS,HARNESS - WIRING,234.49
1502113MABS,CABLE - FR-DR P7 5-13B,12.28
7011938SMBS,RETAINER - SPOUT,2.66
845090BS,FILTER-AIR CLEANER CA,12.86
272285SBS,GASKET-ROCKER COVER,2.78
1347113MABS,CABLE - FR-DR P7 5-13B,12.28
84046967BS,HEAD - CYLINDER,174.99
691766BS,WASHER-SEALING,2.93
806083SBS,TUBE-BREATHER,8.88
796080BS,JET-MAIN,9.65
698180BS,VALVE-FUEL SHUT OFF,5.72
1735686YPBS,LIGHT BAR ASMY,42.59
1735361YPBS,NAME PLAQUE,4.79
1733361YPBS,MOTOR - CHUTE DEFL,73.12
1716695ASMBS,BLADE-MOWER 22.25  .1,19.19
597221BS,CAMSHAFT,73.49
709354BS,NUT - HEX 5/16-18,4.54
84002594BS,FILTER - OIL,17.87
84005190BS,ARMATURE - MAGNETO,37.79
593290BS,SPRING-GOVERNOR,3.84
593934BS,MOTOR-STARTER,66.93
84638216BS,PLUG - SPARK,2.41
1732563SMBS,SWITCH - HANDWARMER,24.37
698071BS,SPRING-GOVERNOR,5.45
593260BS,FILTER-A/C CARTRIDGE,6.24
692094BS,SOLENOID-FUEL,97.99
7061970YPBS,"28"" REPLACE DECK KIT",243.74
699979BS,KIT-CHOKE SHAFT,16.44
1740910HMABS,IMPELLER ASSY - 9IN 4B,77.99
790168BS,LINK-MECH GOVERNOR,9.79
198846GSBS,KIT-OIL SEAL,51.99
84084316BS,PLUG - SPARK,2.41
399887BS,CLUTCH-STARTER,14.96
592540BS,FILTER-A/C CARTRIDGE,6.24
591960BS,FILTER-A/C CARTRIDGE,6.24
358571BS,CLUTCH-STARTER,14.96
594860BS,FILTER-A/C CARTRIDGE,6.24
844717BS,MOTOR-STARTER,145.24
1761013YPBS,GEAR-PINION,3.5
846672BS,GASKET SET-VALVE,53.89
1762612MABS,SPACER-CYL LONG 1.960,5.69
1762615MABS,"SPACER 1.960"" L W/HOL",7.55
1773254MABS,DUST SEAL,2.51
5045037SMBS,WELD - DECK MOUNT SHAFT,29.59
715520BS,CARBURETOR,97.99
796002BS,CARBURETOR,71.74
591020BS,FILTER-A/C CARTRIDGE,6.24
386447-0475-G1BS,ENGINE PACKED SINGLE CARTON,1745.62
24750MABS,"38"" MULCHER KIT",54.59
797032BS,FILTER-AIR CLEANER CA,9.65
790320BS,ALTERNATOR,57.39
799448BS,BRACKET-CONTROL,23.09
692453BS,FILTER-OIL,6.35
796704BS,GASKET-INTAKE,2.23
709129BS,DEFLECTOR - DISCHARGE,19.17
593770BS,FILTER-A/C CARTRIDGE,6.24
271575SBS,GASKET-ROCKER COVER,2.78
791246BS,FILTER-OIL,8.39
795121BS,MOTOR-STARTER,89.24
690395BS,CAP-FRICTION,4.47
690529BS,SPRING-FRICTION,4.89
704928BS,FILTER-AIR CLEANER FOAM,6.14
1733868BMYPBS,PLATE - SEAL,6.82
1733897SMBS,SEAL-FOAM .50WD 9.35L,4.67
1733898SMBS,SEAL-FOAM 1.30ID 2.00,3.31
93652GSBS,SPRING,3.14
84066494BS,FILTER - OIL,17.87
592290BS,FILTER-A/C CARTRIDGE,6.24
594261BS,KIT-CARBOVERHAUL,8.88
696363BS,FILTER-OIL,6.35
594800BS,MODULE-OIL SENSOR,31.49
5101780YPBS,CLUTCH,383.99
591544BS,MOTOR-STARTER,66.93
691253BS,FILTER-OIL,6.35
807752BS,MUFFLER,153.99
1401081MABS,DEFLECTOR - CHUTE BLAC,59.14
594758BS,CARBURETOR,24.41
21R807-0072-G1BS,ENGINE - COMPLETE,472.49
84002084BS,CARBURETOR ASSEMBLY,25.72
699732BS,JET-MAIN,10.56
593261BS,CARBURETOR,18.89
694563BS,FILTER-OIL,6.35
705319BS,RING - CLIP #T5304-75,3.31
1734641YPBS,MOTOR - CHUTE DEFL,73.12
7769222MABS,"PULLEY (42"") STANLEY",15.92
94957ZMABS,ROD -DEFLECTOR,5.65
697853BS,FILTER-OIL,6.35
593360BS,FILTER-A/C CARTRIDGE,6.24
27877BS,GASKET-CRKCSE/009,5.45
598781BS,CARBURETOR,18.89
14D937-0101-G1BS,ENGINE - COMPLETE,419.43
592877BS,TANK-FUEL,69.29
594435BS,PISTON ASSEMBLY,48.29
44S977-0032-G1BS,ENGINE PACKED SINGLE CART,932.56
1761268YPBS,BELT,52.79
592424BS,KIT-CARB OVERHAUL,17.49
594880BS,FILTER-A/C CARTRIDGE,6.24
793569BS,FILTER-AIR CLEANER CARTRI,9.34
797569BS,FILTER-AIR CLEANER CARTRI,9.34
693873BS,FILTER-OIL,6.35
692253BS,FILTER-OIL,6.35
599574BS,MOTOR-STARTER,66.93
825024BS,CAP-OIL FILL,13.15
84096516BS,PLUG - SPARK,2.41
705654BS,AIR FILTER,4.31
276545SBS,GASKET-ROCKER COVER,2.78
593494BS,MOTOR-STARTER,66.93
20729MABS,KEYS & RING,3.44
591378BS,CARBURETOR,90.99
1757901YPBS,"V-BELT - 48"" FAB",53.59
491055TBS,REPLACES RC12YC CHAMPION,1.01
807922BS,SOLENOID-FUEL,101.49
705151BS,SPINDLE ASM. - LH,51.99
386447-0438-G1BS,ENGINE PACKED SINGLE CARTON,1672.12
692573BS,FILTER-OIL,6.35
204859GSBS,O-RING,2.79
204458GSBS,JET,9.42
825404BS,PLUG-WELCH,3.7
1727817SMBS,CONTROL-THROTTLE DOUB,59.79
399039BS,FILTER-PRE CLEANER,4.04
7076966YPBS,(C) CLAMP - HOSE - 5/16,5.59
795115BS,FILTER-AIR CLEANER CA,9.29
692283BS,FILTER-OIL,6.35
846594BS,CARBURETOR,237.99
758462BS,KIT-CARB OVERHAUL,23.62
591658BS,COVER-AIR CLEANER,17.84
497535BS,KIT-CARB OVERHAUL,27.82
596761BS,CARBURETOR,18.89
594485BS,CARBURETOR,24.41
272218BS,FILTER-PRE CLEANER,3.41
774090MABS,PULLEY SPLINED 7.5 Q1,33.14
797033BS,FILTER-AIR CLEANER CA,8.39
692603BS,FILTER-OIL,6.35
692153BS,FILTER-OIL,6.35
1728008SMBS,V-BELT HA   089.3  LG,27.29
692903BS,FILTER-OIL,6.35
84004885BS,CARBURETOR,90.99
33S877-0019-G1BS,ENGINE PACKED SINGLE CART,635.84
104L02-0875-F1BS,ENGINE PACKED SINGLE CARTON,182.56
591110BS,FILTER-A/C CARTRIDGE,6.24
198845GSBS,KIT-WATER SEAL,84.49
198851GSBS,INJECTOR-DETERGENT,23.39
104M02-0183-F1BS,ENGINE PACKED SINGLE CARTON,310.83
19N137-0052-F1BS,ENGINE - COMPLETE,717.49
692773BS,FILTER-OIL,6.35
492055TBS,REPLACES RC12YC CHAMPION,1.01
692643BS,FILTER-OIL,6.35
694853BS,FILTER-OIL,6.35
